Date 	Value
5/21/2017 02:31:01	0.073
5/21/2017 06:31:01	0.073
5/21/2017 10:31:01	0.073
5/21/2017 14:31:01	0.073
5/21/2017 18:31:01	0.073
5/21/2017 22:31:01	0.073
5/22/2017 02:31:01	0.073
5/22/2017 06:31:01	0.073
5/22/2017 10:31:01	0.073
5/22/2017 14:31:01	0.073
5/22/2017 18:31:01	0.073
5/22/2017 22:31:01	0.073
5/23/2017 02:31:01	0.073
5/23/2017 06:31:01	0.073
5/23/2017 10:31:01	0.073
5/23/2017 14:31:01	0.073
5/23/2017 18:31:01	0.073
5/23/2017 22:31:01	0.073
5/24/2017 02:31:01	0.073
5/24/2017 06:31:01	0.073
5/24/2017 10:31:01	0.073
5/24/2017 14:31:01	0.073
5/24/2017 18:31:01	0.073
5/24/2017 22:31:01	0.073
5/25/2017 02:31:01	0.073
5/25/2017 06:31:01	0.073
5/25/2017 10:31:01	0.073
5/25/2017 14:31:01	0.073
5/25/2017 18:31:01	0.073
5/25/2017 22:31:01	0.073
5/26/2017 02:31:01	0.073
5/26/2017 06:31:01	0.073
5/26/2017 10:31:01	0.073
5/26/2017 14:31:01	0.073
5/26/2017 18:31:01	0.073
5/26/2017 22:31:01	0.073
5/27/2017 02:31:01	0.073
5/27/2017 06:31:01	0.073
5/27/2017 10:31:01	0.073
5/27/2017 14:31:01	0.073
5/27/2017 18:31:01	0.073
5/27/2017 22:31:01	0.073
5/28/2017 02:31:01	0.073
5/28/2017 06:31:01	0.073
5/28/2017 10:31:01	0.073
5/28/2017 14:31:01	0.073
5/28/2017 18:31:01	0.073
5/28/2017 22:31:01	0.073
5/29/2017 02:31:01	0.073
5/29/2017 06:31:01	0.073
5/29/2017 10:31:01	0.073
5/29/2017 14:31:01	0.073
5/29/2017 18:31:01	0.073
5/29/2017 22:31:01	0.073
5/30/2017 02:31:01	0.073
5/30/2017 06:31:01	0.073
5/30/2017 10:31:01	0.073
5/30/2017 14:31:01	0.073
5/30/2017 18:31:01	0.073
5/30/2017 22:31:01	0.073
5/31/2017 02:31:01	0.073
5/31/2017 06:31:01	0.073
5/31/2017 10:31:01	0.073
5/31/2017 14:31:01	0.073
5/31/2017 18:31:01	0.073
5/31/2017 22:31:01	0.073
6/1/2017 02:31:01	0.073
6/1/2017 06:31:01	0.073
6/1/2017 10:31:01	0.073
6/1/2017 14:31:01	0.073
6/1/2017 18:31:01	0.073
6/1/2017 22:31:01	0.073
6/2/2017 02:31:01	0.073
6/2/2017 06:31:01	0.073
6/2/2017 10:31:01	0.073
6/2/2017 14:31:01	0.073
6/2/2017 18:31:01	0.073
6/2/2017 22:31:01	0.073
6/3/2017 02:31:01	0.073
6/3/2017 06:31:01	0.073
6/3/2017 10:31:01	0.073
6/3/2017 14:31:01	0.073
6/3/2017 18:31:01	0.073
6/3/2017 22:31:01	0.136
6/4/2017 02:31:01	0.199
6/4/2017 06:31:01	0.199
6/4/2017 10:31:01	0.199
6/4/2017 14:31:01	0.199
6/4/2017 18:31:01	0.199
6/4/2017 22:31:01	0.261
6/5/2017 02:31:01	0.387
6/5/2017 06:31:01	0.45
6/5/2017 10:31:01	0.45
6/5/2017 14:31:01	0.387
6/5/2017 18:31:01	0.45
6/5/2017 22:31:01	0.513
6/6/2017 02:31:01	0.576
6/6/2017 06:31:01	0.639
6/6/2017 10:31:01	0.702
6/6/2017 14:31:01	0.702
6/6/2017 18:31:01	0.702
6/6/2017 22:31:01	0.765
6/7/2017 02:31:01	0.891
6/7/2017 06:31:01	0.954
6/7/2017 10:31:01	1.017
6/7/2017 14:31:01	1.017
6/7/2017 18:31:01	1.017
6/7/2017 22:31:01	1.142
6/8/2017 02:31:01	1.268
6/8/2017 06:31:01	1.394
6/8/2017 10:31:01	1.457
6/8/2017 14:31:01	1.457
6/8/2017 18:31:01	1.457
6/8/2017 22:31:01	1.52
6/9/2017 02:31:01	1.709
6/9/2017 06:31:01	1.834
6/9/2017 10:31:01	1.834
6/9/2017 14:31:01	1.834
6/9/2017 18:31:01	1.834
6/9/2017 22:31:01	1.834
6/10/2017 02:31:01	1.834
6/10/2017 06:31:01	1.834
6/10/2017 10:31:01	1.897
6/10/2017 14:31:01	1.834
6/10/2017 18:31:01	1.771
6/10/2017 22:31:01	1.771
6/11/2017 02:31:01	1.771
6/11/2017 06:31:01	1.834
6/11/2017 10:31:01	1.834
6/11/2017 14:31:01	1.834
6/11/2017 18:31:01	1.834
6/11/2017 22:31:01	1.96
6/12/2017 02:31:01	2.086
6/12/2017 06:31:01	2.275
6/12/2017 10:31:01	2.338
6/12/2017 14:31:01	2.338
6/12/2017 18:31:01	2.338
6/12/2017 22:31:01	2.338
6/13/2017 02:31:01	2.463
6/13/2017 06:31:01	2.589
6/13/2017 10:31:01	2.652
6/13/2017 14:31:01	2.652
6/13/2017 18:31:01	2.652
6/13/2017 22:31:01	2.652
6/14/2017 02:31:01	2.841
6/14/2017 06:31:01	2.967
6/14/2017 10:31:01	3.029
6/14/2017 14:31:01	3.029
6/14/2017 18:31:01	3.029
6/14/2017 22:31:01	3.092
6/15/2017 02:31:01	3.218
6/15/2017 06:31:01	3.344
6/15/2017 10:31:01	3.344
6/15/2017 14:31:01	3.344
6/15/2017 18:31:01	3.344
6/15/2017 22:31:01	3.407
6/16/2017 02:31:01	3.532
6/16/2017 06:31:01	3.595
6/16/2017 10:31:01	3.595
6/16/2017 14:31:01	3.532
6/16/2017 18:31:01	3.47
6/16/2017 22:31:01	3.47
6/17/2017 02:31:01	3.532
6/17/2017 06:31:01	3.595
6/17/2017 10:31:01	3.658
6/17/2017 14:31:01	3.658
6/17/2017 18:31:01	3.658
6/17/2017 22:31:01	3.658
6/18/2017 02:31:01	3.658
6/18/2017 06:31:01	3.721
6/18/2017 10:31:01	3.721
6/18/2017 14:31:01	3.721
6/18/2017 18:31:01	3.721
6/18/2017 22:31:01	3.847
6/19/2017 02:31:01	3.973
6/19/2017 06:31:01	4.098
6/19/2017 10:31:01	4.161
6/19/2017 14:31:01	4.161
6/19/2017 18:31:01	4.224
6/19/2017 22:31:01	4.287
6/20/2017 02:31:01	4.35
6/20/2017 06:31:01	4.475
6/20/2017 10:31:01	4.538
6/20/2017 14:31:01	4.538
6/20/2017 18:31:01	4.538
6/20/2017 22:31:01	4.538
6/21/2017 02:31:01	4.538
6/21/2017 06:31:01	4.538
6/21/2017 10:31:01	4.538
6/21/2017 14:31:01	4.538
6/21/2017 18:31:01	4.538
6/21/2017 22:31:01	4.538
6/22/2017 02:31:01	4.664
6/22/2017 06:31:01	4.79
6/22/2017 10:31:01	4.853
6/22/2017 14:31:01	4.853
6/22/2017 18:31:01	4.853
6/22/2017 22:31:01	4.915
6/23/2017 02:31:01	5.041
6/23/2017 06:31:01	5.167
6/23/2017 10:31:01	5.167
6/23/2017 14:31:01	5.167
6/23/2017 18:31:01	5.167
6/23/2017 22:31:01	5.167
6/24/2017 02:31:01	5.167
6/24/2017 06:31:01	5.167
6/24/2017 10:31:01	5.167
6/24/2017 14:31:01	5.104
6/24/2017 18:31:01	5.041
6/24/2017 22:31:01	4.978
6/25/2017 02:31:01	4.978
6/25/2017 06:31:01	4.978
6/25/2017 10:31:01	4.915
6/25/2017 14:31:01	4.915
6/25/2017 18:31:01	4.853
6/25/2017 22:31:01	4.853
6/26/2017 02:31:01	4.915
6/26/2017 06:31:01	4.915
6/26/2017 10:31:01	4.915
6/26/2017 14:31:01	4.853
6/26/2017 18:31:01	4.853
6/26/2017 22:31:01	4.915
6/27/2017 02:31:01	5.041
6/27/2017 06:31:01	5.104
6/27/2017 10:31:01	5.167
6/27/2017 14:31:01	5.167
6/27/2017 18:31:01	5.23
6/27/2017 22:31:01	5.355
6/28/2017 02:31:01	5.481
6/28/2017 06:31:01	5.607
6/28/2017 10:31:01	5.732
6/28/2017 14:31:01	5.732
6/28/2017 18:31:01	5.732
6/28/2017 22:31:01	5.795
6/29/2017 02:31:01	5.921
6/29/2017 06:31:01	5.984
6/29/2017 10:31:01	6.047
6/29/2017 14:31:01	6.047
6/29/2017 18:31:01	6.047
6/29/2017 22:31:01	6.109
6/30/2017 02:31:01	6.235
6/30/2017 06:31:01	6.361
6/30/2017 10:31:01	6.361
6/30/2017 14:31:01	6.361
6/30/2017 18:31:01	6.361
6/30/2017 22:31:01	6.424
7/1/2017 02:31:01	6.549
7/1/2017 06:31:01	6.675
7/1/2017 10:31:01	6.738
7/1/2017 14:31:01	6.738
7/1/2017 18:31:01	6.675
7/1/2017 22:31:01	6.738
7/2/2017 02:31:01	6.738
7/2/2017 06:31:01	6.738
7/2/2017 10:31:01	6.738
7/2/2017 14:31:01	6.675
7/2/2017 18:31:01	6.612
7/2/2017 22:31:01	6.549
7/3/2017 02:31:01	6.486
7/3/2017 06:31:01	6.424
7/3/2017 10:31:01	6.298
7/3/2017 14:31:01	6.172
7/3/2017 18:31:01	6.109
7/3/2017 22:31:01	5.984
7/4/2017 02:31:01	5.921
7/4/2017 06:31:01	5.921
7/4/2017 10:31:01	5.795
7/4/2017 14:31:01	5.732
7/4/2017 18:31:01	5.67
7/4/2017 22:31:01	5.732
7/5/2017 02:31:01	5.858
7/5/2017 06:31:01	5.921
7/5/2017 10:31:01	5.984
7/5/2017 14:31:01	6.047
7/5/2017 18:31:01	6.047
7/5/2017 22:31:01	6.047
7/6/2017 02:31:01	6.109
7/6/2017 06:31:01	6.235
7/6/2017 10:31:01	6.235
7/6/2017 14:31:01	6.235
7/6/2017 18:31:01	6.235
7/6/2017 22:31:01	6.298
7/7/2017 02:31:01	6.361
7/7/2017 06:31:01	6.486
7/7/2017 10:31:01	6.549
7/7/2017 14:31:01	6.549
7/7/2017 18:31:01	6.549
7/7/2017 22:31:01	6.675
7/8/2017 02:31:01	6.8
7/8/2017 06:31:01	6.926
7/8/2017 10:31:01	6.989
7/8/2017 14:31:01	6.989
7/8/2017 18:09:01	7.052
7/8/2017 18:37:01	7.052
7/8/2017 22:37:01	7.115
7/9/2017 02:37:01	7.24
7/9/2017 06:37:01	7.366
7/9/2017 10:37:01	7.366
7/9/2017 14:37:01	7.366
7/9/2017 18:37:01	7.303
7/9/2017 22:37:01	7.366
7/10/2017 02:37:01	7.366
7/10/2017 06:37:01	7.366
7/10/2017 10:37:01	7.366
7/10/2017 14:37:01	7.303
7/10/2017 18:37:01	7.303
7/10/2017 22:37:01	7.303
7/11/2017 02:37:01	7.303
7/11/2017 06:37:01	7.303
7/11/2017 10:37:01	7.24
7/11/2017 14:37:01	7.177
7/11/2017 18:37:01	7.115
7/11/2017 22:37:01	7.115
7/12/2017 02:37:01	7.177
7/12/2017 06:37:01	7.24
7/12/2017 10:37:01	7.24
7/12/2017 14:37:01	7.24
7/12/2017 18:37:01	7.177
7/12/2017 22:37:01	7.177
7/13/2017 02:37:01	7.177
7/13/2017 06:37:01	7.177
7/13/2017 10:37:01	7.177
7/13/2017 14:37:01	7.115
7/13/2017 18:37:01	7.115
7/13/2017 22:37:01	7.177
7/14/2017 02:37:01	7.303
7/14/2017 06:37:01	7.429
7/14/2017 10:37:01	7.429
7/14/2017 14:37:01	7.429
7/14/2017 18:37:01	7.491
7/14/2017 22:37:01	7.554
7/15/2017 02:37:01	7.68
7/15/2017 06:37:01	7.805
7/15/2017 10:37:01	7.805
7/15/2017 14:37:01	7.805
7/15/2017 18:37:01	7.743
7/15/2017 22:37:01	7.68
7/16/2017 02:37:01	7.743
7/16/2017 06:37:01	7.805
7/16/2017 10:37:01	7.805
7/16/2017 14:37:01	7.743
7/16/2017 18:37:01	7.68
7/16/2017 22:37:01	7.617
7/17/2017 02:37:01	7.617
7/17/2017 06:37:01	7.554
7/17/2017 10:37:01	7.554
7/17/2017 14:37:01	7.429
7/17/2017 18:37:01	7.366
7/17/2017 22:37:01	7.303
7/18/2017 02:37:01	7.303
7/18/2017 06:37:01	7.366
7/18/2017 10:37:01	7.303
7/18/2017 14:37:01	7.24
7/18/2017 18:37:01	7.24
7/18/2017 22:37:01	7.24
7/19/2017 02:37:01	7.303
7/19/2017 06:37:01	7.303
7/19/2017 10:37:01	7.303
7/19/2017 14:37:01	7.303
7/19/2017 18:37:01	7.24
7/19/2017 22:37:01	7.303
7/20/2017 02:37:01	7.366
7/20/2017 06:37:01	7.429
7/20/2017 10:37:01	7.491
7/20/2017 14:37:01	7.429
7/20/2017 18:37:01	7.366
7/20/2017 22:37:01	7.303
7/21/2017 02:37:01	7.177
7/21/2017 06:37:01	7.052
7/21/2017 10:37:01	6.863
7/21/2017 14:37:01	6.675
7/21/2017 18:37:01	6.549
7/21/2017 22:37:01	6.424
7/22/2017 02:37:01	6.424
7/22/2017 06:37:01	6.424
7/22/2017 10:37:01	6.361
7/22/2017 14:37:01	6.298
7/22/2017 18:37:01	6.235
7/22/2017 22:37:01	6.172
7/23/2017 02:37:01	6.109
7/23/2017 06:37:01	6.047
7/23/2017 10:37:01	5.984
7/23/2017 14:37:01	5.921
7/23/2017 18:37:01	5.858
7/23/2017 22:37:01	5.858
7/24/2017 02:37:01	5.858
7/24/2017 06:37:01	5.921
7/24/2017 10:37:01	5.858
7/24/2017 14:37:01	5.858
7/24/2017 18:37:01	5.795
7/24/2017 22:37:01	5.795
7/25/2017 02:37:01	5.795
7/25/2017 06:37:01	5.795
7/25/2017 10:37:01	5.732
7/25/2017 14:37:01	5.67
7/25/2017 18:37:01	5.67
7/25/2017 22:37:01	5.67
7/26/2017 02:37:01	5.67
7/26/2017 06:37:01	5.732
7/26/2017 10:37:01	5.732
7/26/2017 14:37:01	5.732
7/26/2017 18:37:01	5.67
7/26/2017 22:37:01	5.67
7/27/2017 02:37:01	5.67
7/27/2017 06:37:01	5.732
7/27/2017 10:37:01	5.67
7/27/2017 14:37:01	5.607
7/27/2017 18:37:01	5.607
7/27/2017 22:37:01	5.607
7/28/2017 02:37:01	5.67
7/28/2017 06:37:01	5.795
7/28/2017 10:37:01	5.795
7/28/2017 14:37:01	5.795
7/28/2017 18:37:01	5.795
7/28/2017 22:37:01	5.795
7/29/2017 02:37:01	5.984
7/29/2017 06:37:01	6.047
7/29/2017 10:37:01	6.109
7/29/2017 14:37:01	6.109
7/29/2017 18:37:01	6.109
7/29/2017 22:37:01	6.172
7/30/2017 02:37:01	6.235
7/30/2017 06:37:01	6.298
7/30/2017 10:37:01	6.361
7/30/2017 14:37:01	6.361
7/30/2017 18:37:01	6.298
7/30/2017 22:37:01	6.235
7/31/2017 02:37:01	6.235
7/31/2017 06:37:01	6.235
7/31/2017 10:37:01	6.235
7/31/2017 14:37:01	6.172
7/31/2017 18:37:01	6.109
7/31/2017 22:37:01	6.109
8/1/2017 02:37:01	6.172
8/1/2017 06:37:01	6.172
8/1/2017 10:37:01	6.235
8/1/2017 14:37:01	6.172
8/1/2017 18:37:01	6.109
8/1/2017 22:37:01	6.109
8/2/2017 02:37:01	6.172
8/2/2017 06:37:01	6.235
8/2/2017 10:37:01	6.235
8/2/2017 14:37:01	6.235
8/2/2017 18:37:01	6.172
8/2/2017 22:37:01	6.172
8/3/2017 02:37:01	6.172
8/3/2017 06:37:01	6.235
8/3/2017 10:37:01	6.172
8/3/2017 14:37:01	6.172
8/3/2017 18:37:01	6.109
8/3/2017 22:37:01	6.109
8/4/2017 02:37:01	6.047
8/4/2017 06:37:01	6.047
8/4/2017 10:37:01	6.047
8/4/2017 14:37:01	5.984
8/4/2017 18:37:01	5.984
8/4/2017 22:37:01	5.984
8/5/2017 02:37:01	6.109
8/5/2017 06:37:01	6.172
8/5/2017 10:37:01	6.235
8/5/2017 14:37:01	6.172
8/5/2017 18:37:01	6.172
8/5/2017 22:37:01	6.172
8/6/2017 02:37:01	6.235
8/6/2017 06:37:01	6.298
8/6/2017 10:37:01	6.298
8/6/2017 14:37:01	6.298
8/6/2017 18:37:01	6.298
8/6/2017 22:37:01	6.298
8/7/2017 02:37:01	6.361
8/7/2017 06:37:01	6.361
8/7/2017 10:37:01	6.361
8/7/2017 14:37:01	6.361
8/7/2017 18:37:01	6.361
8/7/2017 22:37:01	6.424
8/8/2017 02:37:01	6.486
8/8/2017 06:37:01	6.549
8/8/2017 10:37:01	6.549
8/8/2017 14:37:01	6.486
8/8/2017 18:37:01	6.424
8/8/2017 22:37:01	6.424
8/9/2017 02:37:01	6.486
8/9/2017 06:37:01	6.549
8/9/2017 10:37:01	6.549
8/9/2017 14:37:01	6.486
8/9/2017 18:37:01	6.486
8/9/2017 22:37:01	6.424
8/10/2017 02:37:01	6.486
8/10/2017 06:37:01	6.549
8/10/2017 10:37:01	6.549
8/10/2017 14:37:01	6.549
8/10/2017 18:37:01	6.486
8/10/2017 22:37:01	6.549
8/11/2017 02:37:01	6.549
8/11/2017 06:37:01	6.612
8/11/2017 10:37:01	6.612
8/11/2017 14:37:01	6.549
8/11/2017 18:37:01	6.549
8/11/2017 22:37:01	6.612
8/12/2017 02:37:01	6.612
8/12/2017 06:37:01	6.675
8/12/2017 10:37:01	6.612
8/12/2017 14:37:01	6.549
8/12/2017 18:37:01	6.486
8/12/2017 22:37:01	6.424
8/13/2017 02:37:01	6.361
8/13/2017 06:37:01	6.361
8/13/2017 10:37:01	6.235
8/13/2017 14:37:01	6.109
8/13/2017 18:37:01	5.984
8/13/2017 22:37:01	5.858
8/14/2017 02:37:01	5.732
8/14/2017 06:37:01	5.607
8/14/2017 10:37:01	5.481
8/14/2017 14:37:01	5.355
8/14/2017 18:37:01	5.23
8/14/2017 22:37:01	5.104
8/15/2017 02:37:01	5.041
8/15/2017 06:37:01	4.978
8/15/2017 10:37:01	4.915
8/15/2017 14:37:01	4.853
8/15/2017 18:37:01	4.79
8/15/2017 22:37:01	4.727
8/16/2017 02:37:01	4.727
8/16/2017 06:37:01	4.727
8/16/2017 10:37:01	4.727
8/16/2017 14:37:01	4.664
8/16/2017 18:37:01	4.664
8/16/2017 22:37:01	4.727
8/17/2017 02:37:01	4.79
8/17/2017 06:37:01	4.915
8/17/2017 10:37:01	4.915
8/17/2017 14:37:01	4.915
8/17/2017 18:37:01	4.915
8/17/2017 22:37:01	4.978
8/18/2017 02:37:01	5.041
8/18/2017 06:37:01	5.104
8/18/2017 10:37:01	5.104
8/18/2017 14:37:01	5.104
8/18/2017 18:37:01	5.041
8/18/2017 22:37:01	5.041
8/19/2017 02:37:01	5.104
8/19/2017 06:37:01	5.104
8/19/2017 10:37:01	5.104
8/19/2017 14:37:01	5.104
8/19/2017 18:37:01	5.041
8/19/2017 22:37:01	5.041
8/20/2017 02:37:01	4.978
8/20/2017 06:37:01	4.978
8/20/2017 10:37:01	4.915
8/20/2017 14:37:01	4.915
8/20/2017 18:37:01	4.853
8/20/2017 22:37:01	4.853
8/21/2017 02:37:01	4.853
8/21/2017 06:37:01	4.853
8/21/2017 10:37:01	4.79
8/21/2017 14:37:01	4.79
8/21/2017 18:37:01	4.727
8/21/2017 22:37:01	4.727
8/22/2017 02:37:01	4.727
8/22/2017 06:37:01	4.79
8/22/2017 10:37:01	4.79
8/22/2017 14:37:01	4.727
8/22/2017 18:37:01	4.664
8/22/2017 22:37:01	4.727
8/23/2017 02:37:01	4.727
8/23/2017 06:37:01	4.79
8/23/2017 10:37:01	4.79
8/23/2017 14:37:01	4.79
8/23/2017 18:37:01	4.727
8/23/2017 22:37:01	4.727
8/24/2017 02:37:01	4.79
8/24/2017 06:37:01	4.79
8/24/2017 10:37:01	4.727
8/24/2017 14:37:01	4.727
8/24/2017 18:37:01	4.664
8/24/2017 22:37:01	4.664
8/25/2017 02:37:01	4.664
8/25/2017 06:37:01	4.664
8/25/2017 10:37:01	4.601
8/25/2017 14:37:01	4.538
8/25/2017 18:37:01	4.475
8/25/2017 22:37:01	4.413
8/26/2017 02:37:01	4.35
8/26/2017 06:37:01	4.287
8/26/2017 10:37:01	4.224
8/26/2017 14:37:01	4.161
8/26/2017 18:37:01	4.098
8/26/2017 22:37:01	4.035
8/27/2017 02:37:01	4.035
8/27/2017 06:37:01	4.035
8/27/2017 10:37:01	3.973
8/27/2017 14:37:01	3.91
8/27/2017 18:37:01	3.847
8/27/2017 22:37:01	3.847
8/28/2017 02:37:01	3.784
8/28/2017 06:37:01	3.784
8/28/2017 10:37:01	3.721
8/28/2017 14:37:01	3.595
8/28/2017 18:37:01	3.532
8/28/2017 22:37:01	3.47
8/29/2017 02:37:01	3.47
8/29/2017 06:37:01	3.344
8/29/2017 10:37:01	3.218
8/29/2017 14:37:01	3.155
8/29/2017 18:37:01	3.092
8/29/2017 22:37:01	3.092
8/30/2017 02:37:01	3.092
8/30/2017 06:37:01	3.092
8/30/2017 10:37:01	3.092
8/30/2017 14:37:01	3.029
8/30/2017 18:37:01	2.967
8/30/2017 22:37:01	2.967
8/31/2017 02:37:01	2.967
8/31/2017 06:37:01	2.967
8/31/2017 10:37:01	2.967
8/31/2017 14:37:01	2.904
8/31/2017 18:37:01	2.904
8/31/2017 22:37:01	2.904
9/1/2017 02:37:01	2.967
9/1/2017 06:37:01	2.967
9/1/2017 10:37:01	2.967
9/1/2017 14:37:01	2.904
9/1/2017 18:37:01	2.904
9/1/2017 22:37:01	2.904
9/2/2017 02:37:01	2.967
9/2/2017 06:37:01	2.967
9/2/2017 10:37:01	3.029
9/2/2017 14:37:01	3.029
9/2/2017 18:37:01	3.029
9/2/2017 22:37:01	3.092
9/3/2017 02:37:01	3.155
9/3/2017 06:37:01	3.155
9/3/2017 10:37:01	3.155
9/3/2017 14:37:01	3.092
9/3/2017 18:37:01	3.029
9/3/2017 22:37:01	3.029
9/4/2017 02:37:01	3.029
9/4/2017 06:37:01	3.029
9/4/2017 10:37:01	3.029
9/4/2017 14:37:01	2.967
9/4/2017 18:37:01	2.967
9/4/2017 22:37:01	2.904
9/5/2017 02:37:01	2.967
9/5/2017 06:37:01	2.967
9/5/2017 10:37:01	2.967
9/5/2017 14:37:01	2.904
9/5/2017 18:37:01	2.841
9/5/2017 22:37:01	2.904
9/6/2017 02:37:01	2.904
9/6/2017 06:37:01	2.967
9/6/2017 10:37:01	2.967
9/6/2017 14:37:01	2.967
9/6/2017 18:37:01	2.904
9/6/2017 22:37:01	2.904
9/7/2017 02:37:01	2.904
9/7/2017 06:37:01	2.967
9/7/2017 10:37:01	2.967
9/7/2017 14:37:01	2.967
9/7/2017 18:37:01	2.967
9/7/2017 22:37:01	2.967
9/8/2017 02:37:01	3.029
9/8/2017 06:37:01	3.029
9/8/2017 10:37:01	3.029
9/8/2017 14:37:01	3.029
9/8/2017 18:37:01	3.029
9/8/2017 22:37:01	3.029
9/9/2017 02:37:01	3.029
9/9/2017 06:37:01	3.029
9/9/2017 10:37:01	3.029
9/9/2017 14:37:01	2.967
9/9/2017 18:37:01	2.967
9/9/2017 22:37:01	2.904
9/10/2017 02:37:01	2.904
9/10/2017 06:37:01	2.904
9/10/2017 10:37:01	2.841
9/10/2017 14:37:01	2.778
9/10/2017 18:37:01	2.715
9/10/2017 22:37:01	2.652
9/11/2017 02:37:01	2.715
9/11/2017 06:37:01	2.715
9/11/2017 10:37:01	2.715
9/11/2017 14:37:01	2.652
9/11/2017 18:37:01	2.652
9/11/2017 22:37:01	2.589
9/12/2017 02:37:01	2.589
9/12/2017 06:37:01	2.589
9/12/2017 10:37:01	2.589
9/12/2017 14:37:01	2.589
9/12/2017 18:37:01	2.526
9/12/2017 22:37:01	2.526
9/13/2017 02:37:01	2.526
9/13/2017 06:37:01	2.526
9/13/2017 10:37:01	2.526
9/13/2017 14:37:01	2.589
9/13/2017 18:37:01	2.589
9/13/2017 22:37:01	2.652
9/14/2017 02:37:01	2.778
9/14/2017 06:37:01	2.841
9/14/2017 10:37:01	2.904
9/14/2017 14:37:01	2.904
9/14/2017 18:37:01	2.967
9/14/2017 22:37:01	2.967
9/15/2017 02:37:01	3.029
9/15/2017 06:37:01	3.092
9/15/2017 10:37:01	3.092
9/15/2017 14:37:01	3.092
9/15/2017 18:37:01	3.092
9/15/2017 22:37:01	3.155
9/16/2017 02:37:01	3.155
9/16/2017 06:37:01	3.218
9/16/2017 10:37:01	3.155
9/16/2017 14:37:01	3.092
9/16/2017 18:37:01	3.029
9/16/2017 22:37:01	3.029
9/17/2017 02:37:01	3.029
9/17/2017 06:37:01	2.967
9/17/2017 10:37:01	2.967
9/17/2017 14:37:01	2.904
9/17/2017 18:37:01	2.841
9/17/2017 22:37:01	2.841
9/18/2017 02:37:01	2.841
9/18/2017 06:37:01	2.841
9/18/2017 10:37:01	2.841
9/18/2017 14:37:01	2.778
9/18/2017 18:37:01	2.778
9/18/2017 22:37:01	2.778
9/19/2017 02:37:01	2.778
9/19/2017 06:37:01	2.778
9/19/2017 10:37:01	2.841
9/19/2017 14:37:01	2.778
9/19/2017 18:37:01	2.778
9/19/2017 22:37:01	2.778
9/20/2017 02:37:01	2.715
9/20/2017 06:37:01	2.715
9/20/2017 10:37:01	2.652
9/20/2017 14:37:01	2.652
9/20/2017 18:37:01	2.589
9/20/2017 22:37:01	2.526
9/21/2017 02:37:01	2.526
9/21/2017 06:37:01	2.463
9/21/2017 10:37:01	2.401
9/21/2017 14:37:01	2.338
9/21/2017 18:37:01	2.275
9/21/2017 22:37:01	2.212
9/22/2017 02:37:01	2.212
9/22/2017 06:37:01	2.149
9/22/2017 10:37:01	2.149
9/22/2017 14:37:01	2.086
9/22/2017 18:37:01	2.023
9/22/2017 22:37:01	2.023
9/23/2017 02:37:01	1.96
9/23/2017 06:37:01	1.96
9/23/2017 10:37:01	1.897
9/23/2017 14:37:01	1.834
9/23/2017 18:37:01	1.771
9/23/2017 22:37:01	1.771
9/24/2017 02:37:01	1.771
9/24/2017 06:37:01	1.709
9/24/2017 10:37:01	1.709
9/24/2017 14:37:01	1.646
9/24/2017 18:37:01	1.583
9/24/2017 22:37:01	1.583
9/25/2017 02:37:01	1.52
9/25/2017 06:37:01	1.52
9/25/2017 10:37:01	1.52
9/25/2017 14:37:01	1.457
9/25/2017 18:37:01	1.394
9/25/2017 22:37:01	1.394
9/26/2017 02:37:01	1.394
9/26/2017 06:37:01	1.331
9/26/2017 10:37:01	1.331
9/26/2017 14:37:01	1.268
9/26/2017 18:37:01	1.268
9/26/2017 22:37:01	1.205
9/27/2017 02:37:01	1.205
9/27/2017 06:37:01	1.205
9/27/2017 10:37:01	1.205
9/27/2017 14:37:01	1.142
9/27/2017 18:37:01	1.142
9/27/2017 22:37:01	1.079
9/28/2017 02:37:01	1.079
9/28/2017 06:37:01	1.079
9/28/2017 10:37:01	1.017
9/28/2017 14:37:01	1.017
9/28/2017 18:37:01	1.017
9/28/2017 22:37:01	0.954
9/29/2017 02:37:01	0.954
9/29/2017 06:37:01	0.954
9/29/2017 10:37:01	0.954
9/29/2017 14:37:01	0.891
9/29/2017 18:37:01	0.891
9/29/2017 22:37:01	0.891
9/30/2017 02:37:01	0.891
9/30/2017 06:37:01	0.828
9/30/2017 10:37:01	0.828
9/30/2017 14:37:01	0.828
9/30/2017 18:37:01	0.828
9/30/2017 22:37:01	0.828
10/1/2017 02:37:01	0.828
10/1/2017 06:37:01	0.765
10/1/2017 10:37:01	0.765
10/1/2017 14:37:01	0.765
10/1/2017 18:37:01	0.765
10/1/2017 22:37:01	0.765
10/2/2017 02:37:01	0.765
10/2/2017 06:37:01	0.765
10/2/2017 10:37:01	0.765
10/2/2017 14:37:01	0.765
10/2/2017 18:37:01	0.702
10/2/2017 22:37:01	0.702
10/3/2017 02:37:01	0.765
10/3/2017 06:37:01	0.765
10/3/2017 10:37:01	0.702
10/3/2017 14:37:01	0.702
10/3/2017 18:37:01	0.702
10/3/2017 22:37:01	0.702
10/4/2017 02:37:01	0.702
10/4/2017 06:37:01	0.702
10/4/2017 10:37:01	0.702
10/4/2017 14:37:01	0.765
10/4/2017 18:37:01	0.765
10/4/2017 22:37:01	0.765
10/5/2017 02:37:01	0.765
10/5/2017 06:37:01	0.828
10/5/2017 10:37:01	0.828
10/5/2017 14:37:01	0.828
